S0,L,ms,fi,b,RE50Y-2.0,RE50Y-1.8,RE50Y-1.6,RE50Y-1.4,RE50Y-1.2,RE50Y-1.0,RE50Y-0.8,RE50Y-0.6,RE50Y-0.4,RE50Y-0.2,RE50Y0.0,RE50Y0.2,RE50Y0.4,RE50Y0.6,RE50Y0.8,RE50Y1.0,RE50Y1.2,RE50Y1.4,RE50Y1.6,RE50Y1.8,RE50Y2.0,RE50Y-2.0_Error,RE50Y-1.8_Error,RE50Y-1.6_Error,RE50Y-1.4_Error,RE50Y-1.2_Error,RE50Y-1.0_Error,RE50Y-0.8_Error,RE50Y-0.6_Error,RE50Y-0.4_Error,RE50Y-0.2_Error,RE50Y0.0_Error,RE50Y0.2_Error,RE50Y0.4_Error,RE50Y0.6_Error,RE50Y0.8_Error,RE50Y1.0_Error,RE50Y1.2_Error,RE50Y1.4_Error,RE50Y1.6_Error,RE50Y1.8_Error,RE50Y2.0_Error
28.1279,81.6571,0.7,-0.331072,5.75,0.159941,0.201304,0.295424,0.196883,0.0720388,0.454948,-0.305902,-0.66806,-0.452857,-0.2293,0.0169546,0.24341,0.365895,0.529,0.609891,0.671922,0.689844,0.786728,0.870276,0.991794,0.758155,0.163153,0.0986834,0.0723464,0.0550317,0.0445258,0.0484583,0.0360199,0.0414271,0.0406883,0.042502,0.0409193,0.0417298,0.0418068,0.0365304,0.0337706,0.0504535,0.0467813,0.0551392,0.0726918,0.108137,0.153472
29.8936,84.1714,0.871429,-0.0274994,4.25,-0.186895,-0.00559926,-0.00968141,0.0204914,-0.0243593,-0.0727065,-0.203245,-0.289166,-0.202932,-0.148023,0.0124382,0.158687,0.271398,0.374866,0.434627,0.454686,0.505972,0.514579,0.560534,0.583032,0.606382,0.135433,0.0880117,0.0659127,0.0505824,0.0440252,0.0397827,0.0430094,0.0348644,0.0372126,0.0372509,0.0367895,0.0361551,0.037064,0.0338608,0.0409544,0.0426578,0.0460959,0.0524047,0.062125,0.0826653,0.138636
34.7493,111.829,0.637143,0.383215,6.55,7.30332e-05,0.0215701,0.00806223,-0.0905635,-0.249722,-0.649948,-0.366488,-0.175072,-0.379742,-0.236304,-0.0110125,0.225753,0.375045,0.442893,0.521654,0.525904,0.587795,0.668153,0.646119,0.688723,0.769634,0.115484,0.0709878,0.0555629,0.0460472,0.0407748,0.0485535,0.0374148,0.0405689,0.0398727,0.0398597,0.03989,0.0399233,0.040832,0.0432302,0.0352509,0.0422894,0.0424458,0.0483493,0.0541641,0.0723754,0.110951
35.1907,64.0571,0.877143,0.615356,3.45,-0.232084,-0.225501,-0.242487,-0.240549,-0.284075,-0.407357,-0.46084,-0.165398,0.0307647,-0.0339788,-0.019301,0.0620661,0.0851853,0.158147,0.244578,0.303109,0.307348,0.324237,0.303677,0.281378,0.282953,0.0850888,0.0605397,0.0468945,0.0400504,0.0382668,0.0384408,0.0404096,0.040381,0.0390044,0.0377908,0.037111,0.0378457,0.0396736,0.0406454,0.0387767,0.0387422,0.038641,0.0416506,0.0465223,0.0573654,0.0776504
29.0107,51.4857,0.951429,0.0439282,6.15,-0.13667,0.0178371,-0.0510257,-0.0554245,-0.158816,-0.383442,-0.559978,-0.142965,-0.0577729,-0.145482,0.000923656,0.13205,0.220518,0.309762,0.374519,0.446013,0.498807,0.534785,0.553279,0.622172,0.612799,0.106564,0.0711409,0.0549862,0.0476645,0.0397466,0.0369982,0.0429045,0.0372612,0.0396935,0.0363568,0.0359823,0.036285,0.0408869,0.0349671,0.0366334,0.0403568,0.0418025,0.0474755,0.0556397,0.0751212,0.101741
34.0136,110.571,0.677143,0.365357,6.25,-0.10888,0.0167767,0.0372668,-0.0725297,-0.209699,-0.56891,-0.371185,-0.159254,-0.359556,-0.229926,0.0137951,0.217379,0.336525,0.432068,0.496304,0.517356,0.571749,0.635322,0.644917,0.714834,0.61471,0.116028,0.076437,0.0553003,0.0465405,0.0401297,0.0464109,0.037081,0.0418713,0.0390794,0.0393128,0.0391981,0.039471,0.0403985,0.0422546,0.03432,0.0426977,0.0432719,0.0492859,0.0561581,0.0731532,0.103547
29.305,41.4286,0.768571,-0.259643,9.65,-0.0872799,-0.0858871,-0.185113,-0.292131,-0.433206,-1.18249,-0.4535,-0.528782,-0.555481,-0.286141,0.0167638,0.316859,0.498683,0.58935,0.628802,0.682138,0.73246,0.795217,0.847564,0.898185,0.912739,0.0903879,0.0630312,0.0491759,0.0425307,0.0366166,0.0575845,0.0541004,0.0376241,0.0404065,0.038271,0.0397313,0.0387849,0.0390761,0.0388169,0.03754,0.0353074,0.0417788,0.0449129,0.0513337,0.0665294,0.0975911
31.2179,62.8,0.911429,0.151069,5.25,-0.16159,-0.0790722,-0.0949431,-0.101811,-0.154207,-0.347249,-0.571931,-0.160368,0.0169951,-0.120026,0.00242626,0.130738,0.186415,0.282179,0.329087,0.39061,0.451213,0.467864,0.46457,0.532609,0.502035,0.101024,0.0679193,0.05387,0.0438154,0.0395817,0.0373352,0.0433043,0.0371612,0.0397757,0.0364695,0.0360116,0.0368336,0.0406358,0.0358965,0.0388293,0.0394695,0.0412314,0.0452048,0.0532314,0.0693855,0.0921362
30.7764,86.6857,0.774286,0.276071,6.65,-0.0621504,-0.00955391,0.0119428,-0.094082,-0.218081,-0.609091,-0.411652,-0.0585521,-0.32459,-0.176681,-0.0210886,0.168993,0.330343,0.396097,0.479328,0.498662,0.544064,0.597251,0.672908,0.685831,0.554089,0.106104,0.0704847,0.0529893,0.0455528,0.0411745,0.0440307,0.0358254,0.0448721,0.0385683,0.0377009,0.0375749,0.0380441,0.0388916,0.0428777,0.0330837,0.042135,0.043459,0.0463518,0.0562804,0.0730153,0.0988517
33.8664,57.7714,0.945714,-0.0453574,4.45,-0.173064,-0.13858,-0.0915771,-0.0918268,-0.138527,-0.2496,-0.536149,-0.219058,0.0305973,-0.0613339,-0.00528334,0.117604,0.127676,0.221811,0.327291,0.366107,0.407297,0.448185,0.491544,0.546556,0.512645,0.10411,0.0702927,0.0519642,0.0458794,0.0395374,0.0372836,0.0405831,0.0380246,0.0395156,0.0358162,0.0347099,0.036102,0.0383435,0.0365604,0.0381557,0.0386773,0.0405391,0.0447361,0.055406,0.0746611,0.107127
27.5393,106.8,0.991429,0.186784,3.25,-0.142762,-0.0412226,-0.0765477,0.00644881,0.0297383,0.0287822,-0.00659093,-0.122027,-0.19406,-0.144857,0.0163663,0.159956,0.291224,0.348698,0.385425,0.403654,0.396266,0.436256,0.396201,0.39745,0.309033,0.133565,0.0886437,0.0666535,0.0561993,0.0466757,0.0413429,0.0393421,0.0375847,0.0331712,0.0349295,0.0364725,0.0354557,0.0333337,0.0371138,0.0414209,0.0436245,0.0472166,0.0551989,0.0701778,0.0876178,0.128196
30.335,91.7143,0.825714,0.418931,3.85,-0.169856,-0.170189,-0.0679346,-0.0612933,-0.130782,-0.243655,-0.39494,-0.214019,-0.102146,-0.127333,0.00250011,0.132357,0.251336,0.305915,0.364094,0.420491,0.419047,0.435594,0.427786,0.435839,0.372066,0.110235,0.0720502,0.0555559,0.0472351,0.0411544,0.0395921,0.0419323,0.0368486,0.0383773,0.0372876,0.037353,0.0373008,0.0387258,0.0357915,0.0403706,0.0399758,0.0434857,0.0472153,0.0568776,0.0730304,0.102675
32.1007,38.9143,0.717143,-0.0632147,9.25,-0.0577857,-0.12147,-0.217837,-0.321949,-0.58558,-1.36711,-0.0492602,-0.419218,-0.502741,-0.277087,-0.00760926,0.285782,0.443602,0.528927,0.573487,0.570155,0.626453,0.662485,0.721504,0.742114,0.78386,0.0771098,0.0534277,0.044611,0.0397363,0.0364566,0.0597814,0.0535534,0.0379186,0.0388497,0.0381414,0.0379069,0.0377619,0.038483,0.038683,0.0421018,0.0371983,0.0394763,0.0416856,0.0474291,0.0580855,0.08127
29.5993,72.8571,0.888571,-0.545358,9.05,0.0966099,0.171932,0.0846311,-0.0538132,-0.208619,0.0423737,-0.584338,-0.714338,-0.464837,-0.266754,-0.00211529,0.242765,0.412981,0.516678,0.618463,0.893364,0.821092,0.964972,1.0191,1.01582,1.25356,0.134131,0.0924439,0.061633,0.0485792,0.0432501,0.0531516,0.0342504,0.0415879,0.0401545,0.0395815,0.0394229,0.0369764,0.039471,0.0390323,0.0313365,0.054517,0.0478143,0.0560052,0.0696931,0.091396,0.159277
26.215,98,0.848571,-0.491786,5.45,0.512421,0.419137,0.451637,0.387301,0.286688,0.704349,0.872598,-0.497622,-0.773319,-0.223234,0.0227895,0.144334,0.440195,0.617834,0.854397,0.697142,0.817837,0.922109,0.924841,1.03515,1.144,0.209362,0.125338,0.0928481,0.069856,0.0576374,0.0574394,0.0592641,0.0321142,0.0373985,0.0385392,0.038892,0.0365901,0.0336042,0.0318258,0.0556326,0.0538507,0.0591993,0.0699312,0.0903836,0.141156,0.230054
29.4521,80.4,0.917143,-0.581071,8.95,0.0917309,0.187209,0.169474,-0.0036354,-0.127206,0.337398,-0.532178,-0.855977,-0.445176,-0.227488,0.0339067,0.257523,0.404216,0.482749,0.622475,0.958658,0.824985,1.03925,1.0911,1.13505,1.27222,0.153797,0.0906354,0.0664726,0.054505,0.044836,0.056518,0.0341342,0.0430439,0.0393987,0.0395501,0.040648,0.03872,0.0386769,0.0369187,0.032302,0.0584737,0.0488399,0.0611257,0.0761587,0.106566,0.176379
28.8636,75.3714,0.705714,-0.134644,9.75,-0.0808416,0.0152246,-0.00977687,-0.236495,-0.218466,-0.742108,-0.904756,-0.681571,-0.576927,-0.359895,0.0166577,0.335969,0.559393,0.645306,0.716467,0.775971,0.794395,0.877562,0.943,1.01654,1.0612,0.112303,0.0754931,0.0552004,0.0466455,0.0369388,0.0495931,0.0560961,0.0417631,0.0412224,0.0427229,0.0424577,0.0424692,0.0418661,0.0417452,0.0371248,0.0318021,0.0456248,0.0498952,0.0591085,0.0824741,0.119368
34.6021,55.2571,0.608571,-0.366788,6.05,0.0588718,0.064442,-0.0181142,-0.159882,-0.303581,-0.731857,-0.394657,-0.130605,-0.342431,-0.203599,-0.00576369,0.211877,0.350809,0.391228,0.466099,0.492729,0.575314,0.596623,0.650735,0.741255,0.725141,0.0931368,0.0654071,0.0498037,0.0424657,0.0385646,0.046364,0.0428457,0.0432766,0.0405006,0.0408747,0.0405354,0.0399303,0.0405925,0.0432541,0.0402457,0.0415456,0.0409772,0.042635,0.0491195,0.0691656,0.0965091
35.0436,104.286,0.66,0.115358,5.55,-0.0242475,0.0463696,0.0249903,-0.0334964,-0.172943,-0.371358,-0.419031,-0.241705,-0.324951,-0.216328,-0.00239703,0.219929,0.375288,0.412114,0.512398,0.555543,0.549698,0.64725,0.712673,0.6545,0.717802,0.113209,0.0758761,0.0544542,0.045076,0.0408746,0.0415314,0.0385429,0.0425323,0.0391511,0.0394824,0.0392397,0.0398926,0.0400728,0.0411208,0.0358507,0.0429184,0.04238,0.0486502,0.0590119,0.075643,0.121039
32.8364,47.7143,0.614286,0.543929,4.95,-0.0443627,-0.203253,-0.271111,-0.352551,-0.456109,-0.634765,-0.246885,-0.0216144,-0.171136,-0.113194,-0.0129102,0.122799,0.227337,0.272317,0.312226,0.350831,0.391023,0.452962,0.474451,0.524037,0.538232,0.0824958,0.059796,0.0476605,0.0431734,0.0411207,0.0452374,0.0439041,0.0420434,0.0402265,0.0393333,0.0388314,0.0395916,0.0396569,0.0428749,0.0418482,0.0424684,0.0414128,0.0442123,0.0494363,0.0615184,0.078931
35.485,45.2,0.962857,0.133213,7.15,-0.136464,-0.160914,-0.1847,-0.240832,-0.332524,-0.989387,-0.459934,0.401025,-0.216758,-0.182159,-0.00728828,0.176636,0.263139,0.247939,0.322587,0.352676,0.457708,0.449178,0.475537,0.507837,0.516686,0.0802858,0.0553988,0.0452083,0.0389979,0.0375392,0.0377589,0.0397453,0.0511149,0.0364894,0.0351495,0.0357217,0.0360793,0.0366893,0.0462131,0.0353235,0.0343748,0.0384441,0.0397886,0.0456647,0.0548682,0.0723588
26.5093,92.9714,0.94,0.00821471,8.75,-0.0933826,0.00272605,-0.0479579,-0.118249,-0.24173,-0.420012,-0.567381,-0.463842,-0.459684,-0.260848,0.0102497,0.254324,0.406262,0.512196,0.660551,0.729694,0.731935,0.833459,0.877645,0.861883,0.955061,0.129881,0.085753,0.0615479,0.0533195,0.0452034,0.0625961,0.0302508,0.0423728,0.0420006,0.0410145,0.0409624,0.0423159,0.0431461,0.045484,0.025648,0.04618,0.0493593,0.0573784,0.0660958,0.0850383,0.136002
28.7164,82.9143,0.894286,0.579644,3.55,-0.206561,-0.140262,-0.0975229,-0.0955678,-0.116546,-0.222879,-0.322493,-0.200185,-0.0580397,-0.0609983,-0.00133618,0.0984591,0.156976,0.239402,0.312245,0.327458,0.34898,0.302608,0.33363,0.300739,0.196185,0.0922803,0.0723426,0.0539343,0.0461968,0.0415301,0.0384287,0.0387962,0.0380323,0.0375882,0.0371502,0.0368254,0.0367117,0.0381675,0.0376044,0.0398892,0.0389926,0.0427078,0.0462975,0.0546905,0.068045,0.0888531
35.7793,33.8857,0.814286,-0.277501,6.45,-0.0915477,-0.0488283,-0.081716,-0.154816,-0.236279,-0.73413,-0.474185,0.197634,-0.167811,-0.152913,-0.00117682,0.163695,0.261981,0.235676,0.307657,0.363389,0.450873,0.475332,0.511129,0.582668,0.564519,0.0888772,0.0600699,0.0453185,0.0411743,0.0380608,0.0388563,0.0433992,0.0487173,0.0378059,0.0352086,0.0354972,0.0363915,0.0374273,0.0447789,0.0387381,0.0366678,0.0388151,0.0420247,0.0468577,0.058934,0.0811537
34.455,113.086,0.694286,0.0975006,3.35,-0.0784581,-0.0323196,0.0298223,0.0422218,-0.0440765,-0.157632,-0.30437,-0.354252,-0.320856,-0.199878,-0.0224138,0.232106,0.321724,0.442383,0.485224,0.51967,0.544058,0.593755,0.646166,0.621443,0.614508,0.126944,0.0837902,0.0602257,0.0489627,0.0419432,0.0395167,0.0409498,0.0371478,0.0395845,0.0390868,0.0394474,0.0396086,0.0393789,0.0352989,0.0390279,0.0412826,0.0430929,0.0496156,0.0629023,0.080043,0.126567
34.8964,74.1143,0.797143,-0.438215,9.85,-0.0252146,-0.0561091,-0.137745,-0.259388,-0.457506,-1.34259,-0.401621,-0.550007,-0.557989,-0.316336,0.0140246,0.351314,0.55827,0.619663,0.633835,0.640708,0.797938,0.853185,0.902357,0.968756,1.04427,0.0989889,0.0642778,0.0497902,0.0404275,0.0366524,0.0610549,0.0529785,0.0369021,0.0377869,0.0383468,0.0378021,0.0381586,0.0386241,0.0385449,0.0390297,0.0370067,0.0412685,0.045359,0.0519654,0.0688172,0.105857
33.1307,115.6,0.82,0.401068,8.25,-0.0839105,-0.0959172,-0.130425,-0.216675,-0.377181,-1.45944,-0.348585,-0.0518271,-0.478449,-0.290849,-0.0214267,0.253775,0.419302,0.504588,0.559904,0.545344,0.659417,0.697525,0.72837,0.709779,0.656345,0.0944194,0.068413,0.0528017,0.0456307,0.0404451,0.0639104,0.0347874,0.0424939,0.0403157,0.038569,0.0383688,0.0391386,0.039019,0.0463284,0.0303396,0.0398109,0.0440079,0.0473244,0.0553911,0.069772,0.0930041
26.0679,99.2571,0.665714,0.29393,6.85,-0.16727,0.177101,0.131611,-0.0142595,-0.0737162,0.0642379,-0.433829,-0.509621,-0.397646,-0.233319,-0.00307159,0.212847,0.402009,0.512031,0.630389,0.6963,0.684132,0.781773,0.805931,0.832101,0.806348,0.159801,0.0934426,0.0661744,0.0524734,0.0460942,0.0504708,0.0323812,0.0424245,0.0431517,0.0411197,0.043026,0.0423138,0.0429768,0.0427099,0.0299303,0.0477563,0.0494253,0.0587716,0.0701126,0.0952303,0.146397
27.8336,118.114,0.602857,0.454642,4.05,0.03078,0.0560643,0.13556,0.0976546,0.0311242,0.0642546,-0.226969,-0.460316,-0.392936,-0.212772,-0.00717594,0.228913,0.365822,0.509063,0.585967,0.592219,0.649451,0.740149,0.704881,0.681785,0.761016,0.1602,0.0974204,0.0663824,0.0529744,0.0450268,0.042902,0.0360035,0.0382106,0.0430319,0.0420084,0.0436081,0.0435284,0.0413741,0.0374997,0.0349616,0.0453847,0.0499047,0.0571707,0.0701912,0.0937539,0.16004
34.1607,52.7429,0.757143,-0.563216,7.45,0.0314703,0.049769,-0.015725,-0.100298,-0.256818,-0.592084,-0.460152,-0.199632,-0.345576,-0.216002,0.0159952,0.225314,0.348705,0.41102,0.453638,0.536231,0.636302,0.678019,0.759198,0.799668,0.881994,0.0981254,0.070352,0.0519954,0.0431527,0.0401695,0.0437695,0.0411032,0.0455128,0.0375757,0.0378869,0.0375899,0.0369874,0.0386262,0.0442486,0.0372882,0.0417782,0.0416029,0.045252,0.0554326,0.072202,0.116733
26.6564,116.857,0.974286,0.633214,7.05,-0.161057,-0.0873196,-0.0712604,-0.109217,-0.199593,-0.609993,-0.428096,-0.067772,-0.293814,-0.23502,-0.0261455,0.183927,0.307945,0.402331,0.47925,0.508756,0.57282,0.641519,0.643753,0.604651,0.577716,0.108996,0.0717163,0.0573458,0.0467675,0.0430084,0.0414953,0.0353749,0.0422973,0.0409571,0.0382184,0.0394888,0.0391764,0.0411369,0.0396587,0.032271,0.0423052,0.0455602,0.0519508,0.0597855,0.0754272,0.106543
30.4821,100.514,0.831429,0.329645,7.35,-0.118854,-0.0912797,0.00501233,-0.125363,-0.272643,-0.753313,-0.408528,-0.0254361,-0.397618,-0.221389,-0.00724027,0.22969,0.342439,0.425343,0.512751,0.525762,0.606476,0.647117,0.656663,0.677802,0.643394,0.108365,0.0710198,0.0565435,0.0470156,0.0411745,0.047953,0.0326553,0.0457942,0.0394555,0.0386817,0.0385364,0.0394841,0.0399062,0.0453373,0.0299985,0.0431465,0.0447236,0.0488681,0.0568638,0.0733867,0.100987
30.0407,56.5143,0.654286,-0.0989292,4.65,0.00968322,0.111717,0.0564195,-0.0123358,-0.193604,-0.335465,-0.405085,-0.258057,-0.294499,-0.180373,-0.0104017,0.191906,0.322831,0.402342,0.481958,0.507783,0.523114,0.598963,0.655477,0.692865,0.69985,0.115322,0.0712129,0.0554896,0.0469152,0.0417362,0.0408236,0.0403009,0.0413515,0.0395525,0.0394441,0.039086,0.039389,0.0401819,0.0405926,0.0377839,0.0418808,0.0411536,0.046852,0.0579181,0.0763011,0.118489
28.275,90.4571,0.9,0.436784,4.35,-0.151752,-0.131637,-0.0272987,-0.0765104,-0.114502,-0.209291,-0.316764,-0.2006,-0.0998092,-0.107824,-0.027611,0.119315,0.213754,0.305763,0.381191,0.411915,0.436628,0.45708,0.393391,0.436369,0.36349,0.111014,0.0771724,0.0601043,0.0479371,0.0419689,0.0401554,0.0410294,0.0358964,0.0371416,0.0376258,0.0370277,0.0380872,0.0382743,0.0352721,0.0404808,0.0411992,0.0441082,0.0495118,0.0562551,0.074175,0.104547
31.365,71.6,0.997143,0.258214,8.55,-0.191951,-0.185561,-0.236911,-0.29752,-0.43607,-1.93094,-0.348438,0.311072,-0.468477,-0.254313,-0.0270547,0.210801,0.394392,0.500732,0.517945,0.443044,0.611274,0.665956,0.670695,0.680431,0.707652,0.0857012,0.0577184,0.0482545,0.0427841,0.0390714,0.0680405,0.0342522,0.0494656,0.0379377,0.03762,0.037989,0.0381036,0.038377,0.0507461,0.029605,0.0366288,0.0404111,0.0442033,0.0504149,0.0602981,0.0886441
26.8036,87.9429,0.922857,-0.22393,8.15,0.15281,0.186348,0.098593,0.00783132,-0.104222,0.461917,-0.523789,-0.775803,-0.405962,-0.220755,0.0248606,0.244703,0.364316,0.500928,0.630766,0.838505,0.777528,0.806456,0.868146,0.974643,0.992849,0.1625,0.0959095,0.0668071,0.0526345,0.0462282,0.062084,0.0287916,0.0465429,0.0417593,0.0410224,0.0407496,0.042001,0.0424904,0.0398605,0.0263221,0.060397,0.0504523,0.0566001,0.0702228,0.103602,0.16325
34.3079,61.5429,0.631429,0.0796423,9.45,-0.122022,-0.110051,-0.21681,-0.373651,-0.648622,-1.12576,0.00424812,-0.536889,-0.504333,-0.313921,-0.0194803,0.279162,0.490155,0.570421,0.583501,0.609023,0.63625,0.694458,0.752648,0.828698,0.789858,0.07951,0.0553651,0.0451562,0.0424459,0.0369103,0.0535097,0.0533407,0.0387158,0.0389745,0.0399503,0.0392162,0.0384824,0.0388058,0.0401219,0.0443891,0.037059,0.0401935,0.0433211,0.0486872,0.0593373,0.0781206
33.2779,60.2857,0.74,0.526071,9.55,-0.210801,-0.279916,-0.352397,-0.454612,-0.84082,-1.46096,0.468412,-0.49659,-0.52278,-0.303423,0.00224596,0.29364,0.494545,0.549725,0.537258,0.547728,0.621793,0.682447,0.704538,0.739531,0.698398,0.073154,0.0504564,0.0433792,0.039518,0.0369939,0.0580941,0.0599567,0.037621,0.0388157,0.0377989,0.0377534,0.0374212,0.0385171,0.0385674,0.0438397,0.0357106,0.0381891,0.0419623,0.045155,0.0542302,0.0711322
25.7736,101.771,0.625714,0.204642,7.55,0.0168044,0.194173,0.180986,0.0265435,0.0532399,0.363113,-0.602722,-0.629778,-0.413608,-0.252709,0.0131296,0.284349,0.391308,0.538151,0.704242,0.786972,0.771958,0.926502,0.921602,0.930003,0.997558,0.159826,0.103164,0.0679038,0.0562961,0.0466259,0.0530472,0.0337865,0.0423433,0.0451042,0.045446,0.0457747,0.0465698,0.0436729,0.0437741,0.02969,0.0430182,0.0521825,0.0642857,0.0736636,0.100118,0.154416
35.6321,70.3429,0.934286,-0.188214,4.75,-0.152674,-0.0395851,-0.0378641,-0.07678,-0.0854253,-0.236089,-0.533784,-0.221947,0.0286362,-0.0757058,0.0117228,0.110086,0.150521,0.236688,0.334385,0.388172,0.427835,0.45651,0.544787,0.597041,0.637919,0.104083,0.0701532,0.0554076,0.0439576,0.0414504,0.0378063,0.0426951,0.0375908,0.0397467,0.0350689,0.0349127,0.0360625,0.0389417,0.0360266,0.03851,0.0380329,0.0406096,0.0447531,0.0564752,0.0700061,0.09741
25.9207,109.314,0.722857,-0.420356,7.75,0.53107,0.607963,0.562412,0.465724,0.581747,3.02794,-0.642926,-1.37941,-0.508689,-0.271616,0.0575794,0.284216,0.438297,0.654685,0.794498,1.39667,0.950242,1.1369,1.23409,1.3191,1.22821,0.220643,0.147323,0.0957455,0.0698326,0.0563954,0.148545,0.0306449,0.0442482,0.0465944,0.0463189,0.0481793,0.0493876,0.0455773,0.0369026,0.0283258,0.0847225,0.0567605,0.0773262,0.108701,0.154915,0.256113
29.1579,40.1714,0.86,0.0617856,5.95,-0.113588,-0.0747803,-0.0582281,-0.113208,-0.19157,-0.480964,-0.510491,-0.068745,-0.122292,-0.151823,0.0123169,0.150671,0.273626,0.289072,0.358023,0.449172,0.454011,0.470943,0.557302,0.564167,0.606436,0.10169,0.0653321,0.0536746,0.044147,0.0406438,0.0384007,0.0419936,0.0407324,0.0385043,0.0359396,0.0360361,0.0366368,0.0401124,0.0382017,0.0369596,0.0404656,0.040747,0.0441585,0.0540211,0.066046,0.098273
33.5721,85.4286,0.957143,0.168927,8.65,-0.0785691,-0.138593,-0.215468,-0.250659,-0.431066,-1.92626,-0.339871,0.147055,-0.510573,-0.251689,-0.0119515,0.245374,0.433843,0.538929,0.520831,0.466995,0.620647,0.668213,0.747971,0.699668,0.730622,0.0922872,0.0587415,0.0477691,0.0409977,0.0389905,0.070279,0.0355031,0.0449264,0.0387009,0.0385177,0.0366757,0.0384112,0.0393428,0.0469134,0.029721,0.0373618,0.0402234,0.0439354,0.0499963,0.0633197,0.0843311
27.3921,65.3143,0.854286,0.490356,8.05,-0.156619,-0.130921,-0.134226,-0.24329,-0.425444,-1.44792,-0.311055,0.163775,-0.435408,-0.244643,0.0112315,0.197619,0.397323,0.420678,0.493766,0.467288,0.5955,0.594717,0.661395,0.691855,0.673878,0.0908633,0.0609799,0.0493334,0.0449108,0.0405151,0.0593619,0.0347822,0.0460613,0.0386964,0.0379732,0.0376654,0.0384784,0.040454,0.0466556,0.0315534,0.03864,0.0418945,0.045065,0.0528784,0.0652083,0.0926345
33.425,108.057,0.905714,-0.5275,7.25,0.0682227,0.121334,0.120094,0.00704553,-0.0459079,0.134918,-0.312394,-0.520862,-0.428339,-0.203244,-0.00485558,0.210022,0.320637,0.451997,0.579121,0.726114,0.784939,0.914862,0.938631,0.99,1.09509,0.133316,0.0910017,0.0633333,0.0538665,0.0447884,0.0446509,0.0401176,0.0388553,0.039217,0.0387457,0.0364155,0.0369168,0.0385207,0.0356684,0.0379984,0.0476766,0.0482401,0.0580839,0.070197,0.101241,0.159916
27.9807,35.1429,0.882857,0.240355,6.75,-0.170151,-0.0921934,-0.154319,-0.189765,-0.258852,-0.797379,-0.403758,0.14223,-0.211258,-0.16748,-0.011416,0.134281,0.276831,0.30024,0.371907,0.415468,0.431287,0.518471,0.498422,0.567435,0.610082,0.09084,0.064679,0.0497021,0.043106,0.0400942,0.0414979,0.0379452,0.0454183,0.0379601,0.0362647,0.036544,0.0370654,0.0377036,0.0432644,0.0345408,0.0390796,0.0410365,0.0454757,0.0494926,0.068216,0.096559
30.6293,105.543,0.688571,-0.313213,8.85,0.123754,0.205146,0.211258,0.0266269,0.0639423,0.0431331,-0.891022,-0.722657,-0.551465,-0.342356,0.00147133,0.331804,0.506073,0.660403,0.720692,0.816748,0.882337,0.966352,1.03345,1.14703,1.27159,0.161635,0.0890613,0.0631634,0.0499352,0.0413127,0.0516163,0.0417194,0.0407374,0.0430365,0.044714,0.0435553,0.045078,0.0418745,0.0434639,0.0319745,0.0387827,0.0488338,0.0555672,0.0701605,0.106877,0.180425
32.395,89.2,0.802857,-0.206071,9.15,0.0148029,0.0248391,-0.0350751,-0.171547,-0.33318,-1.05133,-0.520646,-0.449014,-0.545153,-0.28352,-0.006991,0.316487,0.490553,0.558147,0.652545,0.673357,0.729589,0.841572,0.859631,0.945902,0.955735,0.104691,0.0684374,0.0520413,0.04375,0.0379996,0.0622546,0.043056,0.0374101,0.0397539,0.0392805,0.039665,0.0398467,0.0401412,0.039762,0.0333626,0.0375951,0.0424343,0.0491406,0.0555741,0.0750465,0.109946
35.3379,94.2286,0.682857,0.311785,3.65,-0.25241,-0.0644338,-0.0847772,-0.13893,-0.243491,-0.397574,-0.467885,-0.196569,-0.165974,-0.144915,-0.00289458,0.174061,0.279715,0.332016,0.392746,0.469604,0.492077,0.555503,0.512922,0.545408,0.518607,0.112681,0.0696359,0.052841,0.0455809,0.0405868,0.0388652,0.0420381,0.0391556,0.0389482,0.0378547,0.0383962,0.0382911,0.0401495,0.038563,0.0399669,0.0402876,0.042293,0.0465532,0.0530314,0.0699074,0.10365
32.9836,48.9714,0.711429,-0.348927,3.75,-0.0311926,0.0500432,-0.012188,-0.0530604,-0.157543,-0.287772,-0.47451,-0.228021,-0.10849,-0.159047,-0.0139291,0.151918,0.253928,0.310578,0.396747,0.431581,0.494319,0.570538,0.621261,0.731871,0.663815,0.115315,0.0731934,0.0521404,0.0455909,0.041292,0.0386102,0.0435865,0.0411078,0.0394494,0.0376354,0.036243,0.0378834,0.0393862,0.0387178,0.0403185,0.0395734,0.0414559,0.0457554,0.05556,0.0741653,0.106036
28.5693,43.9429,0.808571,0.651071,5.15,-0.199817,-0.133321,-0.155876,-0.23366,-0.32544,-0.576917,-0.397783,0.00902781,-0.0547184,-0.123915,-0.0132074,0.0983856,0.188551,0.212768,0.279475,0.358556,0.395476,0.387486,0.410714,0.381728,0.364222,0.08645,0.0614496,0.0480953,0.0432228,0.0384052,0.0405839,0.04231,0.0413761,0.039858,0.0374124,0.037532,0.0382659,0.0401809,0.0409767,0.0400109,0.0397418,0.0407108,0.0428116,0.0492346,0.0596685,0.082147
27.245,36.4,0.728571,-0.116787,3.15,-0.00998983,0.0283802,0.0392432,-0.0401956,-0.141805,-0.218154,-0.377481,-0.28379,-0.183619,-0.129022,-0.000724827,0.151015,0.259194,0.361079,0.418184,0.425117,0.49383,0.555741,0.602021,0.655786,0.720815,0.118817,0.0830967,0.0614109,0.0476847,0.0427355,0.0403433,0.0423502,0.0374575,0.0385249,0.0378959,0.0366528,0.0366598,0.038684,0.0363185,0.0399579,0.0409013,0.0436614,0.0490749,0.0602241,0.0815831,0.115798
29.7464,67.8286,0.78,-0.241786,6.35,0.0466786,0.0971446,0.109337,0.00698712,-0.106145,-0.161753,-0.417748,-0.337248,-0.338269,-0.159052,0.0369477,0.198477,0.342019,0.405649,0.503984,0.53064,0.605134,0.656166,0.754453,0.779958,0.847507,0.119333,0.0797347,0.0585079,0.0467826,0.0421515,0.0414141,0.0369721,0.0420916,0.0399798,0.0385763,0.0383284,0.0390715,0.0395665,0.0383376,0.0339954,0.043452,0.0433245,0.0502434,0.0620446,0.0833645,0.133165
30.1879,59.0286,0.928571,-0.384644,3.95,0.00446529,0.0164702,0.0599255,0.0689851,0.015986,-0.0308411,-0.0299071,-0.231244,-0.189298,-0.126611,-0.010149,0.130577,0.242026,0.324872,0.389727,0.455498,0.513613,0.601643,0.648552,0.724737,0.784053,0.141377,0.0970295,0.0679977,0.053712,0.0451837,0.0411331,0.0418374,0.0380983,0.035593,0.0355592,0.0341262,0.0358107,0.0347349,0.0367741,0.0411411,0.0407268,0.0445184,0.0539615,0.0678509,0.0937492,0.145499
31.5121,79.1429,0.968571,-0.509643,4.15,0.0104476,0.162313,0.0546908,0.101418,0.0125277,-0.011132,0.0607731,-0.158371,-0.244873,-0.155794,0.000121195,0.119766,0.240412,0.369444,0.445712,0.547889,0.641666,0.730239,0.809271,0.935384,0.928362,0.142889,0.101287,0.0708908,0.057606,0.0474286,0.0420987,0.04222,0.039783,0.0355164,0.0352785,0.0342631,0.0347824,0.0341967,0.0385321,0.0413344,0.0430345,0.0487718,0.0573627,0.074404,0.10199,0.156892
27.0979,66.5714,0.865714,-0.295358,6.95,0.135216,0.220178,0.139451,0.0668827,-0.0536611,0.210528,-0.369524,-0.510188,-0.33228,-0.180065,0.00214274,0.184716,0.352355,0.448018,0.540959,0.633122,0.64088,0.743603,0.816821,0.924534,1.01021,0.146525,0.09276,0.0646441,0.051462,0.0446337,0.0455679,0.0352846,0.0403777,0.0387138,0.0386294,0.0380991,0.0383945,0.0397919,0.0357717,0.0318964,0.0509615,0.0469021,0.0554348,0.0679978,0.0987013,0.155743
32.5421,42.6857,0.842857,-0.0810714,3.05,-0.140385,-0.108901,-0.110037,-0.153822,-0.145521,-0.272067,-0.44386,-0.253096,-0.0264126,-0.0719817,-0.00809387,0.0917688,0.154061,0.250091,0.341417,0.370553,0.424722,0.443005,0.498043,0.592564,0.639191,0.105503,0.0693625,0.0556445,0.0464333,0.0398569,0.0386019,0.0397655,0.0393894,0.038094,0.0364417,0.0346315,0.0362776,0.0387939,0.0379598,0.0388908,0.0379348,0.0408647,0.0441609,0.0542343,0.0732266,0.11369
27.6864,95.4857,0.62,-0.00964369,8.45,0.104899,0.223157,0.160215,0.0135509,0.127003,0.193194,-0.878328,-0.690479,-0.479621,-0.25566,0.0232138,0.291069,0.450934,0.59139,0.733772,0.817484,0.849885,0.87854,0.99457,1.13337,1.02498,0.146195,0.0895121,0.0662156,0.0519257,0.0449939,0.0502829,0.0400013,0.044826,0.0453284,0.0444641,0.0477942,0.047464,0.0455709,0.0450896,0.0309008,0.0376498,0.053036,0.0567742,0.0742898,0.106231,0.145932
31.0707,46.4571,0.745714,-0.152499,5.65,-0.00559376,0.0316034,-0.0108655,-0.0930711,-0.188791,-0.475403,-0.437192,-0.116468,-0.221623,-0.164435,-0.0110477,0.163659,0.281232,0.341656,0.412231,0.484953,0.485841,0.560185,0.609393,0.665401,0.663,0.102814,0.0667231,0.0526103,0.0450883,0.0402058,0.0401061,0.0410935,0.0435316,0.0378195,0.0371133,0.0373443,0.0376029,0.0391572,0.0404512,0.037181,0.0406974,0.0413568,0.0460406,0.0532197,0.0680576,0.102182
35.9264,76.6286,0.734286,-0.473928,5.05,0.000299918,0.081922,0.0752262,-0.00360985,-0.088656,-0.277508,-0.481959,-0.2489,-0.20336,-0.168273,0.00103358,0.1919,0.272902,0.341209,0.425137,0.498262,0.541613,0.633595,0.688816,0.74389,0.859042,0.112169,0.0775099,0.0563304,0.0451951,0.0401383,0.0387982,0.0442258,0.0425032,0.0394879,0.0377949,0.0370875,0.0366518,0.0399263,0.0398152,0.0404508,0.0395832,0.0402275,0.0470233,0.0559112,0.0762324,0.120891
26.9507,77.8857,0.671429,-0.4025,5.85,0.257306,0.425386,0.35141,0.269304,0.126437,0.721882,-0.323052,-0.798488,-0.45189,-0.265863,-0.0219128,0.234706,0.39159,0.570995,0.667597,0.731834,0.72939,0.837912,0.946583,1.15189,0.986283,0.182832,0.1109,0.0763183,0.0568149,0.0466232,0.0564235,0.0353217,0.0411526,0.0430336,0.0432182,0.0430264,0.0424749,0.0421906,0.0366256,0.0333698,0.0529232,0.0469162,0.0575866,0.0766923,0.12513,0.200835
31.9536,119.371,0.837143,0.0260718,7.65,0.047305,0.0208966,0.0636312,-0.0321793,-0.179742,-0.274949,-0.490613,-0.427319,-0.440342,-0.234082,-0.00203825,0.231124,0.366747,0.489516,0.588936,0.629494,0.716217,0.809488,0.870636,0.849165,0.817704,0.12197,0.0830729,0.0599954,0.0486027,0.0435187,0.0488856,0.0311224,0.0460607,0.0417103,0.0403418,0.0394779,0.0397488,0.0401228,0.0436774,0.028229,0.0470052,0.0472306,0.0545566,0.0680424,0.0850828,0.124721
32.2479,50.2286,0.785714,0.2225,9.35,-0.202835,-0.195802,-0.311386,-0.379137,-0.673928,-1.69917,0.141233,-0.4082,-0.520995,-0.283017,-0.0076961,0.279019,0.455728,0.5297,0.568172,0.554758,0.606258,0.672975,0.715972,0.708461,0.709053,0.0749543,0.0529063,0.0431097,0.0396509,0.0362503,0.0658242,0.055022,0.0376991,0.0390252,0.0379769,0.0374575,0.0379416,0.0377579,0.0377691,0.0406768,0.0354583,0.0391375,0.0417039,0.0453039,0.0550738,0.0752524
33.7193,54,0.751429,0.347504,8.35,-0.145744,-0.165156,-0.231861,-0.322837,-0.584406,-1.60418,-0.0450505,-0.0219847,-0.419368,-0.221992,-0.0191977,0.214051,0.358529,0.440543,0.445692,0.426697,0.556272,0.584158,0.59478,0.638419,0.632228,0.0757029,0.0535387,0.0433717,0.0400614,0.0372503,0.0654319,0.0448784,0.0385183,0.0380852,0.0374023,0.0367997,0.0373069,0.0381828,0.0407753,0.0384236,0.0390012,0.039554,0.0422335,0.0461507,0.0572293,0.0801291
30.9236,114.343,0.98,-0.456071,4.85,0.255409,0.116926,0.229268,0.158652,0.123405,0.085529,0.445565,-0.194714,-0.426302,-0.236009,-0.00136805,0.180947,0.339529,0.495707,0.617589,0.617825,0.710496,0.778764,0.838817,0.902215,0.911741,0.198164,0.108894,0.079893,0.0617827,0.0513604,0.0447184,0.051527,0.0372286,0.0344418,0.0353349,0.0358534,0.0343232,0.0325144,0.0372559,0.0482099,0.0451246,0.0536019,0.0620259,0.0810039,0.127442,0.183693
28.4221,69.0857,0.648571,0.4725,9.95,-0.177391,-0.163094,-0.260674,-0.427594,-0.716098,-0.990427,-0.0643217,-0.663868,-0.571712,-0.338636,-0.00131319,0.325863,0.540869,0.654508,0.667328,0.67189,0.703256,0.760423,0.838444,0.812651,0.895739,0.085988,0.0583332,0.0469439,0.0436086,0.0396327,0.0449572,0.0549037,0.0407325,0.0405098,0.0408698,0.0407855,0.0421044,0.039328,0.0410936,0.0448697,0.0319399,0.0422351,0.0454116,0.0521668,0.0609955,0.0900188
32.6893,37.6571,0.642857,-0.170356,4.55,0.0202638,-0.0451858,-0.0845496,-0.18268,-0.284351,-0.560939,-0.431367,-0.085081,-0.198553,-0.158661,-0.00748274,0.162214,0.2675,0.32146,0.369252,0.44383,0.486593,0.522793,0.580058,0.605044,0.63397,0.0957002,0.0629997,0.0504278,0.0430665,0.0399077,0.0410903,0.0436205,0.044806,0.0387064,0.0387024,0.0381171,0.0379396,0.0395791,0.0428023,0.0404564,0.0400503,0.0410086,0.044446,0.0501341,0.0657003,0.0935799
