S0,L,ms,mv,b,SN112EK42.5,SN112EK47.5,SN112EK52.5,SN112EK57.5,SN112EK62.5,SN112EK67.5,SN112EK72.5,SN112EK77.5,SN112EK82.5,SN112EK87.5,SN124EK42.5,SN124EK47.5,SN124EK52.5,SN124EK57.5,SN124EK62.5,SN124EK67.5,SN124EK72.5,SN124EK77.5,SN124EK82.5,SN124EK87.5,DREK12.5,DREK17.5,DREK22.5,DREK27.5,DREK32.5,DREK37.5,DREK42.5,DREK47.5,DREK52.5,DREK60.0,DREK70.0,DREK80.0,DREK87.5,SN112EK42.5_Error,SN112EK47.5_Error,SN112EK52.5_Error,SN112EK57.5_Error,SN112EK62.5_Error,SN112EK67.5_Error,SN112EK72.5_Error,SN112EK77.5_Error,SN112EK82.5_Error,SN112EK87.5_Error,SN124EK42.5_Error,SN124EK47.5_Error,SN124EK52.5_Error,SN124EK57.5_Error,SN124EK62.5_Error,SN124EK67.5_Error,SN124EK72.5_Error,SN124EK77.5_Error,SN124EK82.5_Error,SN124EK87.5_Error,DREK12.5_Error,DREK17.5_Error,DREK22.5_Error,DREK27.5_Error,DREK32.5_Error,DREK37.5_Error,DREK42.5_Error,DREK47.5_Error,DREK52.5_Error,DREK60.0_Error,DREK70.0_Error,DREK80.0_Error,DREK87.5_Error
31.159,43.5,0.98,0.865,2,1.04755,1.00923,0.97691,0.938816,0.894948,0.85761,0.826801,0.796091,0.76548,0.742223,1.40678,1.37983,1.35459,1.32287,1.28467,1.25042,1.22012,1.19378,1.17139,1.14043,1.19276,1.2121,1.23684,1.26224,1.2883,1.3155,1.34382,1.36768,1.38709,1.42323,1.46736,1.51581,1.53617,0.00339,0.0036655,0.0039725,0.00426,0.004528,0.004846,0.005214,0.00559675,0.00599425,0.0064935,0.004301,0.00471825,0.00516475,0.00560875,0.00605025,0.00655025,0.00710875,0.0077225,0.0083915,0.009059,0.00295301,0.00313835,0.00352138,0.00399975,0.00457346,0.00524307,0.0060086,0.00684648,0.00775672,0.00938622,0.0119981,0.0153537,0.0181742
35.073,56.1,0.7,0.875,2,1.1026,1.07769,1.05486,1.03467,1.01711,0.998687,0.979385,0.963305,0.950445,0.935439,1.45479,1.46115,1.47754,1.48549,1.48497,1.4901,1.50086,1.51387,1.52913,1.54786,1.17889,1.19268,1.213,1.23676,1.26395,1.29168,1.31994,1.35653,1.40143,1.44816,1.51285,1.59057,1.65545,0.0037375,0.0041055,0.0045145,0.004982,0.005508,0.00607375,0.00667925,0.00737275,0.00815425,0.0090465,0.004706,0.00531875,0.00604025,0.0068125,0.0076355,0.008593,0.009685,0.010984,0.01249,0.0142177,0.00311678,0.00327472,0.00364173,0.0041217,0.00471462,0.00540826,0.00620263,0.00717331,0.00832029,0.01025,0.0134904,0.0178598,0.0221575
32.395,66.9,0.86,0.855,2,1.03575,1.00231,0.969884,0.939159,0.910133,0.884732,0.862957,0.8408,0.818263,0.801004,1.3753,1.36157,1.35048,1.33625,1.31887,1.30344,1.28995,1.27489,1.25825,1.24461,1.18378,1.2028,1.22836,1.25267,1.27572,1.301,1.32851,1.35926,1.39327,1.43657,1.48443,1.52743,1.55393,0.0034575,0.00374625,0.00405075,0.0043845,0.0047475,0.0051495,0.0055905,0.00606825,0.00658275,0.0072015,0.0043345,0.00480325,0.00532375,0.005866,0.00643,0.00707375,0.00779725,0.00857225,0.00939875,0.010347,0.00304596,0.00322891,0.00362053,0.00410349,0.0046778,0.00535022,0.00612075,0.00701426,0.00803075,0.00976904,0.0125205,0.0159678,0.0190586
28.275,86.7,0.972,1.095,2,0.981696,0.951335,0.92503,0.90317,0.885756,0.866814,0.846346,0.831735,0.822982,0.816749,1.2913,1.27617,1.2658,1.25761,1.25159,1.24537,1.23895,1.23715,1.23997,1.24072,1.17338,1.19018,1.21543,1.24067,1.26592,1.29104,1.31603,1.34201,1.36896,1.40303,1.45079,1.49721,1.51911,0.0032265,0.0035,0.003804,0.004147,0.004529,0.0049375,0.0053725,0.00589675,0.00651025,0.007204,0.00401625,0.004437,0.004909,0.005432,0.006006,0.0066455,0.0073505,0.0081775,0.0091265,0.0101395,0.00300395,0.00317091,0.00354959,0.00402292,0.00459091,0.00524205,0.00597634,0.00681618,0.00776159,0.00936552,0.0120033,0.0153723,0.0182761
27.657,79.5,0.612,0.975,2,1.02434,0.993298,0.967755,0.944901,0.924736,0.908675,0.896716,0.885412,0.874762,0.863939,1.32766,1.32366,1.32221,1.32405,1.3292,1.33386,1.33804,1.34635,1.35882,1.36782,1.17017,1.17974,1.19763,1.21478,1.2312,1.25865,1.29715,1.33324,1.36693,1.41991,1.48028,1.53727,1.58349,0.0035535,0.00387275,0.00424025,0.0046635,0.0051425,0.0057035,0.0063465,0.007084,0.007916,0.008867,0.00442925,0.00496125,0.00555775,0.006253,0.007047,0.007958,0.008986,0.0101932,0.0115797,0.0131522,0.00326269,0.00339741,0.00374685,0.00419112,0.00473023,0.0054228,0.00626882,0.00723664,0.00832623,0.010344,0.0136641,0.0180712,0.0223191
26.009,95.7,0.996,0.705,2,0.898057,0.844937,0.796436,0.750936,0.708435,0.668793,0.632008,0.599591,0.571542,0.546296,1.16542,1.1081,1.05461,1.00527,0.9601,0.914212,0.867611,0.820369,0.772489,0.736002,1.18297,1.2022,1.21976,1.24059,1.26468,1.28395,1.29841,1.312,1.32474,1.34769,1.37012,1.3593,1.34756,0.002719,0.00282175,0.00293325,0.0030475,0.0031645,0.00329225,0.00343075,0.00359025,0.00377075,0.003981,0.00327825,0.00342025,0.00356875,0.0037315,0.0039085,0.00408,0.004246,0.00440675,0.00456225,0.00478175,0.00299731,0.00316274,0.00348105,0.00387377,0.00434089,0.00484687,0.00539171,0.00599463,0.00665561,0.00781666,0.00960016,0.011516,0.0132018
30.747,63.3,0.716,0.915,2,1.04909,1.02358,1.00237,0.978595,0.952265,0.931431,0.916095,0.89825,0.877897,0.868216,1.3767,1.37151,1.37441,1.37853,1.38387,1.38377,1.37825,1.37705,1.38017,1.38028,1.17715,1.19195,1.21122,1.23485,1.26285,1.28883,1.31279,1.3404,1.37166,1.43187,1.4953,1.55326,1.58979,0.00359675,0.003945,0.004339,0.004754,0.00519,0.00569675,0.00627425,0.006904,0.007586,0.00845825,0.0044945,0.00503,0.00565,0.0063505,0.0071315,0.007979,0.008893,0.00994875,0.0111462,0.0125018,0.00315125,0.00331328,0.00368191,0.00416571,0.0047647,0.0054542,0.00623423,0.00715298,0.00821046,0.0102102,0.0133505,0.0174451,0.0211418
28.069,41.7,0.884,0.905,2,1.0282,0.993459,0.964236,0.936009,0.908779,0.880798,0.852065,0.832546,0.822241,0.804536,1.368,1.34856,1.33203,1.3129,1.2912,1.27214,1.25573,1.24216,1.23143,1.21584,1.18801,1.20412,1.22281,1.24597,1.27362,1.30207,1.33133,1.35797,1.38198,1.41214,1.45976,1.49488,1.51175,0.003407,0.00369325,0.00401375,0.004356,0.00472,0.00511,0.005526,0.00603975,0.00665125,0.00725325,0.00429025,0.004738,0.00523,0.00574775,0.00629125,0.00689975,0.00757325,0.008344,0.009212,0.010116,0.0030262,0.00319963,0.0035678,0.00404608,0.00463448,0.00531878,0.006099,0.00697031,0.00793272,0.00957119,0.0123117,0.0156452,0.0186092
31.365,72.3,0.692,0.695,2,0.999464,0.963379,0.933926,0.901175,0.865124,0.836956,0.81667,0.795054,0.77211,0.756489,1.3231,1.29866,1.27529,1.2567,1.24289,1.22306,1.19723,1.17328,1.15123,1.13693,1.18592,1.20187,1.22059,1.24247,1.26751,1.29494,1.32477,1.34843,1.36593,1.41688,1.46374,1.48371,1.50297,0.00343975,0.00370725,0.00400975,0.004316,0.004626,0.005,0.005438,0.00590675,0.00640625,0.00703475,0.00429275,0.00470075,0.00514425,0.0056475,0.0062105,0.00679325,0.00739575,0.00806975,0.00881525,0.00971475,0.00325242,0.00341412,0.0037784,0.00424924,0.00482662,0.00550779,0.00629272,0.007147,0.00807063,0.00989091,0.0126453,0.0159364,0.0190041
29.305,97.5,0.732,0.605,2,0.913805,0.869998,0.833653,0.799249,0.766787,0.737776,0.712218,0.687211,0.662754,0.646165,1.20387,1.1607,1.11989,1.08367,1.05202,1.01838,0.982738,0.951918,0.925913,0.90076,1.1833,1.20571,1.23054,1.25324,1.27382,1.29553,1.31838,1.33443,1.34366,1.36442,1.38007,1.39145,1.39382,0.002984,0.00314525,0.00333775,0.00353725,0.00374375,0.0039845,0.0042595,0.00455025,0.00485675,0.00525175,0.00368025,0.003913,0.004159,0.00443475,0.00474025,0.0050525,0.0053715,0.005741,0.006161,0.006615,0.00323268,0.00339949,0.00375613,0.0041885,0.00469658,0.0052752,0.00592436,0.00662008,0.00736236,0.00867746,0.010679,0.0131608,0.0152748
28.481,52.5,0.9,1.015,2,1.03138,0.999003,0.969904,0.946382,0.928439,0.910639,0.892983,0.87739,0.86386,0.852643,1.37288,1.36139,1.35042,1.34102,1.3332,1.33071,1.33355,1.33066,1.32204,1.31445,1.18377,1.19689,1.21291,1.23621,1.26679,1.29871,1.33197,1.3634,1.39299,1.42675,1.4778,1.52366,1.54168,0.00342475,0.0037215,0.0040425,0.0044165,0.0048435,0.00530825,0.00581075,0.00637125,0.00698975,0.00770775,0.0043185,0.00480125,0.00533175,0.005912,0.006542,0.00727875,0.00812225,0.00902625,0.00999075,0.011066,0.00301785,0.00317952,0.00353635,0.00401397,0.00461237,0.00531308,0.00611608,0.00701952,0.00802341,0.00971333,0.0125314,0.0160352,0.0190665
29.511,39.9,0.876,1.055,2,1.07103,1.04436,1.01918,0.997552,0.979469,0.962123,0.945514,0.931539,0.920197,0.908841,1.42209,1.41824,1.41448,1.41283,1.4133,1.41468,1.41697,1.42734,1.44578,1.45816,1.18309,1.19627,1.21247,1.23611,1.26719,1.29795,1.32838,1.35853,1.38841,1.42998,1.48487,1.55206,1.60467,0.00354625,0.00388925,0.00426175,0.00467675,0.00513425,0.00564425,0.00620675,0.00684475,0.00755825,0.0083465,0.004485,0.0050235,0.0056125,0.0062775,0.0070185,0.007851,0.008775,0.00988425,0.0111787,0.0126077,0.0029948,0.00315502,0.00351281,0.00399164,0.00459153,0.00529218,0.00609362,0.00700517,0.00802685,0.00980905,0.0127316,0.0166362,0.0202792
34.455,110.1,0.924,0.945,2,0.990081,0.960313,0.936894,0.91565,0.896581,0.875901,0.853612,0.833545,0.815702,0.803973,1.32369,1.30934,1.29762,1.28818,1.28101,1.2757,1.27226,1.26536,1.25501,1.25339,1.17821,1.19674,1.21988,1.24658,1.27685,1.30725,1.33779,1.36385,1.38543,1.41815,1.4741,1.52864,1.5591,0.003283,0.00355925,0.00387175,0.0042215,0.0046085,0.00500875,0.00542225,0.00589525,0.00642775,0.00705475,0.00414125,0.00457225,0.00504675,0.00557925,0.00616975,0.00683125,0.00756375,0.00833975,0.00915925,0.0101782,0.0030442,0.00322253,0.00360199,0.00408628,0.00467541,0.00535399,0.00612203,0.00696476,0.00788218,0.0095065,0.0122306,0.0156394,0.0186618
34.043,50.7,0.644,0.815,2,1.10663,1.08033,1.05406,1.03131,1.01208,0.993393,0.975257,0.958172,0.942139,0.92521,1.46034,1.46323,1.46818,1.47464,1.48261,1.48873,1.49301,1.50108,1.51295,1.51493,1.17673,1.18888,1.20602,1.22921,1.25846,1.28879,1.32019,1.35513,1.3936,1.44789,1.51521,1.58673,1.63773,0.0037485,0.00411175,0.00450925,0.004961,0.005467,0.0060425,0.0066875,0.007411,0.008213,0.00911425,0.004743,0.00533575,0.00599725,0.0067695,0.0076525,0.00864225,0.00973875,0.0109997,0.0124253,0.0139878,0.00315659,0.0033039,0.00365113,0.00411838,0.00470565,0.00540409,0.00621368,0.00716882,0.00826949,0.0102578,0.0135843,0.0180155,0.0221705
26.215,102.9,0.78,0.845,2,0.890366,0.858351,0.837611,0.816301,0.794422,0.7745,0.756537,0.740793,0.72727,0.716777,1.17203,1.14572,1.12041,1.09721,1.07611,1.06255,1.05652,1.04732,1.03496,1.02701,1.17378,1.19179,1.20924,1.23091,1.2568,1.28567,1.3175,1.33484,1.33768,1.34957,1.38465,1.41856,1.4329,0.00303025,0.003262,0.003544,0.00384325,0.00415975,0.0045165,0.0049135,0.0053665,0.0058755,0.00647225,0.00374075,0.0040685,0.0044275,0.00481725,0.00523775,0.005753,0.006363,0.0070135,0.0077045,0.00851625,0.00320646,0.00337133,0.00372723,0.00418742,0.00475189,0.00541475,0.00617602,0.00695767,0.00775972,0.0091925,0.0116778,0.014818,0.0175885
27.863,81.3,0.684,0.675,2,0.936289,0.896181,0.863365,0.831012,0.799123,0.775244,0.759374,0.738254,0.711883,0.693878,1.22153,1.18871,1.16331,1.13975,1.11804,1.09571,1.07277,1.04945,1.02574,1.00523,1.18338,1.20097,1.22206,1.24258,1.26252,1.28349,1.30548,1.32699,1.34801,1.38611,1.41303,1.43174,1.44866,0.003226,0.00344325,0.00369575,0.003962,0.004242,0.0045915,0.0050105,0.005424,0.005832,0.006368,0.00395625,0.004284,0.00466,0.0050705,0.0055155,0.0060025,0.0065315,0.0071065,0.0077275,0.00842475,0.00331588,0.00347628,0.00384373,0.00430124,0.00484882,0.0054821,0.00620111,0.0070173,0.00793067,0.0095845,0.0120627,0.0151792,0.0180233
27.039,93.9,0.66,0.985,2,0.971789,0.94061,0.914063,0.890156,0.868887,0.85228,0.840333,0.826655,0.811245,0.802404,1.25603,1.24164,1.22841,1.22546,1.2328,1.23376,1.22836,1.23054,1.24031,1.25254,1.16963,1.18533,1.20741,1.22573,1.24028,1.26281,1.29334,1.32054,1.34442,1.39852,1.45483,1.50931,1.56103,0.0034005,0.00369125,0.00402375,0.00439725,0.00481175,0.00530575,0.00587925,0.0064975,0.0071605,0.0079945,0.00418275,0.00462825,0.00512275,0.00573125,0.00645375,0.00722625,0.00804875,0.009052,0.010236,0.0116422,0.00329176,0.00344246,0.00381174,0.00426716,0.00480873,0.00547695,0.00627183,0.00717195,0.00817733,0.0101286,0.0132159,0.0173059,0.0212921
33.013,101.1,0.852,1.065,2,1.00858,0.980996,0.960277,0.942093,0.926444,0.911904,0.898473,0.888547,0.882126,0.87383,1.34358,1.33999,1.33976,1.33535,1.32676,1.3321,1.35137,1.36134,1.36199,1.36411,1.17504,1.19266,1.21693,1.24106,1.26504,1.29572,1.3331,1.36641,1.39565,1.42495,1.48292,1.5381,1.56127,0.00340175,0.00371125,0.00406375,0.00446,0.0049,0.005386,0.005918,0.0065385,0.0072475,0.008009,0.00429825,0.0048,0.005364,0.0059685,0.0066135,0.00741175,0.00836325,0.009371,0.010435,0.0116615,0.00308615,0.00325576,0.00363669,0.00411671,0.0046958,0.00539741,0.00622155,0.00713957,0.0081515,0.00983763,0.0127591,0.0164075,0.0196009
31.571,38.1,0.764,0.755,2,1.06938,1.03249,0.990978,0.957539,0.932175,0.90665,0.880966,0.857378,0.835885,0.815869,1.41716,1.39801,1.37692,1.35869,1.3433,1.32564,1.30571,1.28796,1.2724,1.25658,1.1848,1.2009,1.22351,1.24885,1.27693,1.30256,1.32574,1.35508,1.39057,1.43043,1.47256,1.5126,1.54044,0.003579,0.00387,0.00416,0.0045015,0.0048945,0.00532275,0.00578625,0.006291,0.006837,0.00745575,0.00449475,0.004959,0.005455,0.00600875,0.00662025,0.00727275,0.00796625,0.0087495,0.0096225,0.0105975,0.00308561,0.00325474,0.00362992,0.00411312,0.00470433,0.00537739,0.00613228,0.00702706,0.00806172,0.00979899,0.0125585,0.0160353,0.0192036
30.953,70.5,0.652,1.075,2,1.08045,1.05654,1.03551,1.01638,0.999134,0.982831,0.967468,0.955002,0.945433,0.936497,1.41169,1.41804,1.42325,1.43413,1.4507,1.46651,1.48157,1.49806,1.51597,1.5345,1.17366,1.18429,1.19851,1.21663,1.23864,1.26886,1.30729,1.34264,1.37493,1.43202,1.51223,1.58632,1.63878,0.0036895,0.004059,0.004473,0.0049445,0.0054735,0.00606875,0.00673025,0.0075085,0.0084035,0.00942725,0.004634,0.005238,0.005908,0.006705,0.007629,0.00868375,0.00986925,0.011256,0.012844,0.0146877,0.00315905,0.0033027,0.00364517,0.00409748,0.00465964,0.00536468,0.0062126,0.00717741,0.00825909,0.0103062,0.0137976,0.018414,0.0228094
34.661,68.7,0.844,0.935,2,1.06645,1.03817,1.0098,0.984518,0.962318,0.942026,0.923642,0.908257,0.895871,0.885606,1.42872,1.42395,1.41977,1.42014,1.42508,1.4219,1.41061,1.40834,1.41508,1.41986,1.18711,1.20318,1.22022,1.24552,1.27909,1.31068,1.34029,1.3723,1.40671,1.46233,1.51858,1.56538,1.60339,0.00357175,0.003901,0.004249,0.004641,0.005077,0.00555725,0.00608175,0.00668425,0.00736475,0.00814725,0.0045515,0.0050865,0.0056695,0.00634525,0.00711375,0.0079155,0.0087505,0.00974775,0.0109073,0.0122203,0.00305181,0.00322326,0.00358746,0.00407858,0.00469662,0.00540864,0.00621464,0.0071407,0.0081868,0.0100978,0.0130594,0.0167685,0.0202268
26.627,88.5,0.676,0.715,2,0.917008,0.878678,0.843777,0.81633,0.796336,0.772294,0.744203,0.724941,0.714506,0.702681,1.18936,1.16013,1.13709,1.11501,1.09388,1.07305,1.0525,1.03799,1.02951,1.01873,1.17724,1.19394,1.21307,1.23405,1.25689,1.27809,1.29767,1.32112,1.34847,1.36991,1.40254,1.43645,1.4499,0.0031885,0.00340725,0.00364575,0.00393925,0.00428775,0.00463775,0.00498925,0.00543725,0.00598175,0.006581,0.00388825,0.00422025,0.00459475,0.005015,0.005481,0.005981,0.006515,0.00716125,0.00791975,0.008735,0.00333662,0.00349052,0.00384788,0.00430517,0.00486241,0.00550022,0.0062186,0.00705479,0.00800878,0.00957946,0.0121964,0.0155106,0.0184467
30.335,115.5,0.62,1.045,2,0.983505,0.952878,0.92675,0.905354,0.88869,0.873574,0.860008,0.848211,0.838186,0.8299,1.26869,1.25977,1.25319,1.25765,1.27314,1.27945,1.27658,1.27976,1.28898,1.30219,1.17151,1.18178,1.19598,1.21247,1.23126,1.25739,1.29086,1.32269,1.35288,1.41147,1.47473,1.52355,1.56929,0.00346125,0.00376375,0.00410525,0.00450775,0.00497125,0.0054955,0.0060805,0.00678025,0.00759475,0.00851625,0.004267,0.004753,0.005303,0.005981,0.006787,0.00764375,0.00855125,0.0096545,0.0109535,0.0125053,0.00334077,0.00347087,0.00381075,0.00425476,0.0048029,0.00548754,0.00630869,0.00725101,0.00831452,0.0103528,0.0136108,0.0178828,0.0220968
28.893,119.1,0.988,0.735,2,0.893101,0.849547,0.81023,0.774046,0.740996,0.711724,0.686229,0.66203,0.639125,0.615918,1.16263,1.12425,1.08812,1.05208,1.01614,0.982828,0.952165,0.921105,0.889649,0.863683,1.16803,1.18992,1.21284,1.23529,1.25726,1.27974,1.30271,1.32403,1.3437,1.36565,1.3844,1.39167,1.40287,0.002743,0.00288025,0.00302875,0.00319225,0.00337075,0.00357625,0.00380875,0.004056,0.004318,0.0045935,0.0033305,0.00354375,0.00377125,0.004004,0.004242,0.004505,0.004793,0.00509025,0.00539675,0.00576375,0.00295339,0.00313207,0.00347562,0.00388522,0.00436087,0.00489754,0.00549522,0.00615477,0.0068762,0.00807753,0.0099239,0.0120901,0.0140907
30.129,83.1,0.748,0.645,2,0.959186,0.914274,0.870583,0.833402,0.802731,0.774739,0.749426,0.72447,0.699871,0.68116,1.26403,1.22432,1.18461,1.14924,1.11822,1.08974,1.06379,1.03654,1.008,0.982527,1.18504,1.20573,1.23095,1.25444,1.27619,1.29757,1.31857,1.33989,1.36152,1.3864,1.41335,1.43576,1.44235,0.003193,0.0033785,0.0035675,0.00379325,0.00405575,0.004341,0.004649,0.00498425,0.00534675,0.005794,0.0039405,0.0042295,0.0045325,0.0048675,0.0052345,0.0056385,0.0060795,0.0065475,0.0070425,0.00759175,0.00320601,0.00337855,0.00375174,0.00420687,0.00474393,0.00535457,0.0060388,0.00680925,0.00766591,0.00911675,0.0113856,0.0141809,0.0165974
31.777,92.1,0.828,1.035,2,1.01486,0.987771,0.962237,0.939941,0.920884,0.902702,0.885394,0.871611,0.861351,0.859862,1.33406,1.32825,1.33058,1.32918,1.32404,1.32417,1.32958,1.33349,1.33589,1.34437,1.17578,1.19358,1.21708,1.24187,1.26792,1.29231,1.31501,1.34543,1.38356,1.42631,1.48479,1.5406,1.56345,0.003438,0.0037525,0.0040955,0.004476,0.004894,0.00535575,0.00586125,0.00645225,0.00712875,0.0079765,0.00428475,0.00478275,0.00536225,0.00597875,0.00663225,0.00740125,0.00828575,0.00926825,0.0103488,0.0116425,0.00310256,0.00327384,0.0036547,0.00414004,0.00472987,0.00540223,0.00615714,0.00706846,0.00813621,0.00990787,0.0128426,0.0165865,0.0198285
35.485,57.9,0.916,1.085,2,1.09868,1.07425,1.05242,1.03387,1.0186,1.00659,0.997861,0.983773,0.964325,0.952977,1.47791,1.48442,1.4929,1.50361,1.51656,1.52449,1.52738,1.53939,1.56052,1.57676,1.17883,1.19501,1.21819,1.24516,1.27593,1.30949,1.34584,1.38238,1.4191,1.472,1.52269,1.59232,1.6546,0.00360525,0.003966,0.004362,0.00480875,0.00530625,0.00587725,0.00652175,0.00717475,0.00783625,0.008666,0.00463575,0.005238,0.00591,0.00667075,0.00752025,0.00844775,0.00945325,0.0106587,0.0120643,0.0135975,0.00294829,0.00311683,0.00349115,0.00397905,0.00458055,0.00529724,0.00612914,0.00708215,0.00815626,0.0100539,0.013001,0.0170037,0.0207528
26.421,54.3,0.788,0.785,2,0.977613,0.940361,0.907763,0.875641,0.843999,0.816985,0.794602,0.773131,0.752572,0.73085,1.2924,1.26258,1.23188,1.20318,1.17647,1.15573,1.14097,1.1221,1.09913,1.079,1.18545,1.20014,1.21888,1.24215,1.26995,1.29684,1.32283,1.34303,1.35744,1.38454,1.42571,1.45612,1.47691,0.00330875,0.003559,0.003831,0.00412075,0.00442825,0.0047945,0.0052195,0.0056695,0.0061445,0.00666075,0.0041145,0.004482,0.004872,0.005298,0.00576,0.00629725,0.00690975,0.0075415,0.0081925,0.00895175,0.00314329,0.00331077,0.00368166,0.00415893,0.00474259,0.00541377,0.00617248,0.0069933,0.00787624,0.00946701,0.0121182,0.0153304,0.0182663
29.717,32.7,0.708,0.635,2,1.04232,0.999862,0.958327,0.920562,0.886567,0.851619,0.815718,0.783116,0.753811,0.725671,1.37857,1.34658,1.31514,1.28037,1.24227,1.20471,1.16768,1.13793,1.11547,1.08573,1.18615,1.20336,1.22545,1.24961,1.27583,1.3004,1.3233,1.34756,1.37316,1.39633,1.42359,1.46719,1.49631,0.00346975,0.00371325,0.00396775,0.004254,0.004572,0.00489925,0.00523575,0.00560625,0.00601075,0.0064575,0.0043335,0.004716,0.005122,0.00554225,0.00597675,0.00643475,0.00691625,0.007478,0.00812,0.00876125,0.00315481,0.0033193,0.00368501,0.00414939,0.00471244,0.00535687,0.00608267,0.00690937,0.00783699,0.00937801,0.0118551,0.0151141,0.0180349
34.867,61.5,0.628,0.795,2,1.09933,1.07186,1.04629,1.02116,0.996478,0.981813,0.977166,0.959347,0.928355,0.906398,1.45248,1.45287,1.45609,1.4598,1.46399,1.46998,1.47776,1.47906,1.47388,1.47404,1.17742,1.19257,1.21131,1.23388,1.26029,1.28963,1.32188,1.35612,1.39234,1.45009,1.5048,1.56581,1.62658,0.00375075,0.00410775,0.00450725,0.0049445,0.0054195,0.00602225,0.00675275,0.0074495,0.0081125,0.00896275,0.00474225,0.00533,0.005996,0.006753,0.007601,0.008575,0.009675,0.0108883,0.0122147,0.013756,0.00319625,0.00335253,0.00370406,0.00417086,0.00475293,0.00545004,0.00626219,0.00721996,0.00832334,0.0103498,0.0135474,0.0178976,0.0221677
29.099,90.3,0.636,0.885,2,0.994139,0.96268,0.936251,0.912695,0.892012,0.871041,0.849781,0.837543,0.834326,0.825371,1.29444,1.28469,1.2811,1.27312,1.26073,1.25331,1.25087,1.25358,1.26145,1.27097,1.17359,1.18521,1.20243,1.2225,1.24543,1.27223,1.30292,1.33519,1.36905,1.40444,1.45604,1.50438,1.54044,0.00349075,0.00379175,0.00413725,0.004527,0.004961,0.0054415,0.0059685,0.0066405,0.0074575,0.00832575,0.00433475,0.00482225,0.00538075,0.00598475,0.00663425,0.00740225,0.00828875,0.00933825,0.0105508,0.0119513,0.00331135,0.00345202,0.00380834,0.00427354,0.00484761,0.00553862,0.00634656,0.00729173,0.00837413,0.0102051,0.0133401,0.0174105,0.0213099
33.219,108.3,0.772,0.725,2,0.95802,0.923381,0.890722,0.858681,0.827257,0.804798,0.791305,0.773471,0.751296,0.73383,1.26935,1.24267,1.21869,1.19989,1.18628,1.17014,1.15147,1.13283,1.11423,1.10025,1.17994,1.19972,1.22261,1.2497,1.28099,1.30626,1.32552,1.34638,1.36882,1.41671,1.45457,1.47425,1.49951,0.00322875,0.00346275,0.00371425,0.00397975,0.00425925,0.004613,0.005041,0.005466,0.005888,0.0064075,0.0040225,0.00437825,0.00476675,0.00520925,0.00570575,0.00623575,0.00679925,0.00741575,0.00808525,0.0088485,0.00319271,0.00336982,0.00374548,0.00422517,0.00480889,0.0054516,0.00615329,0.00695357,0.00785245,0.00953355,0.012026,0.01502,0.0178341
27.245,48.9,0.956,0.745,2,0.978773,0.92043,0.8651,0.814743,0.769357,0.72689,0.687342,0.651115,0.618208,0.586937,1.29175,1.23551,1.17841,1.12381,1.07171,1.01976,0.967979,0.91447,0.859234,0.815222,1.20142,1.21899,1.2409,1.25988,1.2759,1.29625,1.32093,1.34322,1.36312,1.38675,1.40583,1.3966,1.38951,0.0031225,0.00327125,0.00342375,0.0035905,0.0037715,0.0039545,0.0041395,0.00435825,0.00461075,0.00487175,0.0038515,0.00408475,0.00431225,0.004552,0.004804,0.005048,0.005284,0.00550375,0.00570725,0.00599,0.00301971,0.00320086,0.00356993,0.00400887,0.00451769,0.00511469,0.00579986,0.00655724,0.00738683,0.00880143,0.0109322,0.0133038,0.0154748
35.897,65.1,0.74,0.775,2,1.07224,1.04116,1.01212,0.985684,0.961863,0.939031,0.917187,0.89673,0.877659,0.857743,1.43996,1.43318,1.42474,1.41761,1.4118,1.40492,1.39696,1.38651,1.37359,1.36547,1.18241,1.20093,1.22481,1.25014,1.27693,1.30813,1.34377,1.37718,1.40836,1.45353,1.51009,1.55593,1.59258,0.003634,0.0039555,0.0043045,0.00468975,0.00511125,0.00558625,0.00611475,0.00669,0.007312,0.007998,0.00463475,0.00516975,0.00574925,0.0063925,0.0070995,0.00788175,0.00873925,0.00967025,0.0106748,0.011869,0.00312206,0.00329833,0.00368281,0.00417029,0.0047608,0.00547188,0.00630355,0.00724066,0.00828322,0.0101161,0.0131198,0.0168529,0.0203683
35.279,74.1,0.724,0.655,2,1.04127,1.00305,0.964069,0.930336,0.901856,0.873657,0.845741,0.819389,0.794605,0.771972,1.38918,1.36882,1.3519,1.32846,1.29853,1.27517,1.25839,1.23782,1.21347,1.18569,1.18401,1.20257,1.22661,1.25356,1.28341,1.31048,1.33477,1.36575,1.40342,1.43417,1.47443,1.51928,1.53592,0.00350525,0.003767,0.004037,0.0043395,0.0046745,0.0050335,0.0054165,0.0058395,0.0063025,0.00683275,0.00440125,0.00483475,0.00532025,0.00580825,0.00629875,0.00686525,0.00750775,0.008195,0.008927,0.00966975,0.0031733,0.00334582,0.003725,0.00420679,0.00479119,0.00545295,0.00619205,0.00707392,0.00809854,0.00970407,0.0123133,0.0156571,0.0185272
34.249,104.7,0.812,1.005,2,1.01052,0.985064,0.962613,0.941656,0.922194,0.907006,0.896091,0.887368,0.880839,0.868394,1.34741,1.34003,1.33991,1.33702,1.33136,1.33498,1.34789,1.35496,1.35619,1.35977,1.17415,1.19278,1.21499,1.24462,1.28167,1.31141,1.33385,1.36089,1.39251,1.43215,1.48832,1.53337,1.56649,0.0034415,0.00375975,0.00410925,0.004495,0.004917,0.00540325,0.00595375,0.006589,0.007309,0.00806225,0.0043515,0.004845,0.005409,0.00602525,0.00669375,0.0075025,0.0084515,0.00946875,0.0105542,0.011808,0.00311206,0.00328686,0.00366868,0.00417609,0.00480909,0.00551008,0.00627904,0.00717704,0.00820408,0.00997749,0.0129254,0.0165594,0.0199768
28.687,113.7,0.836,0.925,2,0.919417,0.889597,0.864622,0.841562,0.820418,0.802905,0.789022,0.777892,0.769515,0.760469,1.2041,1.18186,1.16403,1.14905,1.13691,1.12777,1.12163,1.11846,1.11826,1.11267,1.17117,1.19205,1.21387,1.23875,1.26671,1.29052,1.31019,1.32891,1.34667,1.37596,1.4133,1.44562,1.46318,0.003095,0.0033435,0.0036245,0.0039265,0.0042495,0.004629,0.005065,0.00556,0.006114,0.006741,0.00381725,0.00417175,0.00456725,0.00501175,0.00550525,0.0060715,0.0067105,0.0074525,0.0082975,0.00917575,0.00314171,0.00331755,0.00368635,0.00415848,0.00473395,0.00537434,0.00607966,0.00687271,0.00775351,0.00930014,0.0118013,0.0149448,0.0177369
27.451,99.3,0.804,0.805,2,0.913552,0.875263,0.841581,0.816477,0.799949,0.781155,0.760093,0.742434,0.728177,0.718087,1.18803,1.15816,1.13325,1.11112,1.09175,1.07466,1.05984,1.04601,1.03316,1.01814,1.17737,1.19699,1.22038,1.24113,1.25924,1.27927,1.30122,1.32389,1.34728,1.36288,1.38543,1.41401,1.41777,0.00308025,0.0032905,0.0035235,0.00380775,0.00414325,0.004496,0.004866,0.0052985,0.0057935,0.0063745,0.0037575,0.00407375,0.00442525,0.00481825,0.00525275,0.005735,0.006265,0.00686425,0.00753275,0.00824225,0.00317872,0.00335283,0.00372699,0.00418095,0.00471471,0.00533479,0.00604118,0.0068436,0.00774202,0.0091733,0.0115083,0.014514,0.017038
33.837,36.3,0.868,0.765,2,1.08381,1.04704,1.01276,0.978678,0.944799,0.909483,0.872729,0.840192,0.811872,0.786817,1.45586,1.43464,1.41399,1.38779,1.35606,1.32721,1.30125,1.27177,1.23879,1.20678,1.1911,1.2089,1.23117,1.25739,1.28757,1.31645,1.34403,1.37082,1.39683,1.42711,1.47614,1.52007,1.53382,0.00353325,0.0038215,0.0041285,0.00445325,0.00479575,0.0051455,0.0055025,0.00590775,0.00636125,0.00687025,0.0044715,0.00492575,0.00542125,0.00592525,0.00643775,0.0070035,0.0076225,0.00826375,0.00892725,0.00964925,0.00299257,0.00317133,0.00354426,0.004025,0.00461354,0.00528607,0.00604258,0.0068951,0.00784362,0.0094465,0.01212,0.0154181,0.0182036
32.807,117.3,0.668,0.825,2,0.958684,0.926003,0.899006,0.876018,0.857039,0.84023,0.825591,0.814074,0.805678,0.791379,1.27008,1.25553,1.24357,1.23281,1.22324,1.21351,1.20361,1.1995,1.20117,1.20408,1.16836,1.18624,1.20963,1.23478,1.26168,1.29203,1.32583,1.35645,1.38389,1.41762,1.45125,1.48231,1.52236,0.00336975,0.00363825,0.00394275,0.00429475,0.00469425,0.005149,0.005659,0.0062625,0.0069595,0.007675,0.00423025,0.0046725,0.0051615,0.00570575,0.00630525,0.006982,0.007736,0.00862175,0.00963925,0.0108183,0.00331496,0.00347496,0.00385108,0.00433266,0.00491969,0.00562447,0.00644701,0.00736636,0.00838254,0.0101384,0.0129455,0.0165707,0.0202042
30.541,47.1,0.796,0.955,2,1.06597,1.03802,1.01428,0.990087,0.965446,0.944557,0.927421,0.912397,0.899484,0.886779,1.41519,1.41299,1.41282,1.40961,1.40338,1.39931,1.3974,1.39717,1.39861,1.40706,1.18308,1.19756,1.21564,1.23747,1.26306,1.29337,1.3284,1.36177,1.39348,1.43923,1.49445,1.54336,1.58714,0.003585,0.00392475,0.00430025,0.00470575,0.00514125,0.0056395,0.0062005,0.006835,0.007543,0.008331,0.00453075,0.005083,0.005699,0.00636425,0.00707875,0.00789025,0.00879875,0.00982625,0.0109727,0.0123873,0.00306474,0.0032294,0.00359428,0.00406889,0.00465323,0.00536048,0.00619064,0.00712981,0.00817798,0.0100321,0.0130349,0.0168296,0.0204858
32.189,84.9,0.932,0.835,2,0.99408,0.955973,0.921649,0.889745,0.86026,0.833662,0.809949,0.788987,0.770776,0.751158,1.3208,1.29473,1.27494,1.25367,1.2309,1.20743,1.18324,1.16081,1.14014,1.12129,1.18641,1.20675,1.23099,1.25623,1.28247,1.30686,1.32938,1.35514,1.38414,1.42048,1.45488,1.47538,1.49317,0.003261,0.0035015,0.0037585,0.00404,0.004346,0.004682,0.005048,0.00547,0.005948,0.006451,0.00407175,0.00444625,0.00486275,0.005308,0.005782,0.0062865,0.0068215,0.007425,0.008097,0.00883525,0.00303095,0.00321779,0.00359917,0.00407438,0.00464342,0.0052881,0.00600843,0.00683131,0.00775676,0.00934368,0.01178,0.0147278,0.0174543
32.601,34.5,0.948,0.965,2,1.09693,1.06585,1.03533,1.00774,0.983103,0.958293,0.933315,0.90848,0.883789,0.866939,1.46309,1.45435,1.44638,1.43815,1.42966,1.42021,1.4098,1.40204,1.39695,1.38754,1.18323,1.20004,1.22365,1.24934,1.27708,1.30544,1.33442,1.36519,1.39775,1.44117,1.49684,1.56273,1.60051,0.0035655,0.003892,0.004238,0.00462325,0.00504775,0.005502,0.005986,0.00651675,0.00709425,0.00778625,0.00451175,0.0050385,0.0056235,0.00625925,0.00694575,0.00769025,0.00849275,0.00940975,0.0104412,0.011557,0.00292717,0.00310029,0.00347382,0.00395341,0.00453905,0.00522083,0.00599876,0.00689768,0.0079176,0.00968347,0.0125359,0.016311,0.0196227
33.425,106.5,0.892,0.685,2,0.977719,0.932407,0.891151,0.854412,0.822188,0.793911,0.769581,0.743132,0.714568,0.689665,1.29704,1.26146,1.2246,1.18888,1.15432,1.12336,1.096,1.06627,1.03417,1.00114,1.18258,1.20319,1.22668,1.24934,1.27117,1.2973,1.32775,1.35362,1.37492,1.39808,1.41978,1.44142,1.45152,0.00308475,0.003253,0.003433,0.00363575,0.00386125,0.00411325,0.00439175,0.0046765,0.0049675,0.0053025,0.00383075,0.00410375,0.00438525,0.00468275,0.00499625,0.00534625,0.00573275,0.006119,0.006505,0.00691125,0.0030533,0.00323122,0.00358653,0.00401501,0.00451668,0.00509956,0.00576365,0.00648348,0.00725904,0.00854645,0.0105172,0.0129385,0.015032
25.803,45.3,0.82,0.665,2,0.961871,0.906224,0.853105,0.807028,0.767992,0.729913,0.69279,0.657604,0.624355,0.595983,1.26602,1.21619,1.16776,1.11528,1.05875,1.00563,0.9559,0.91159,0.872699,0.836941,1.20046,1.21749,1.23458,1.25234,1.27077,1.29243,1.31733,1.34322,1.37009,1.38016,1.37884,1.39245,1.40432,0.00312475,0.00327625,0.00343075,0.00360975,0.00381325,0.00401875,0.00422625,0.0044505,0.0046915,0.0049795,0.0038485,0.0040965,0.0043515,0.0045935,0.0048225,0.00506,0.005306,0.00559025,0.00591275,0.006268,0.00312584,0.00329607,0.00364633,0.00408014,0.00459751,0.00520145,0.00589199,0.00667551,0.00755201,0.008878,0.0108721,0.0134638,0.0158079
29.923,77.7,0.94,0.625,2,1.01888,0.957467,0.897156,0.839395,0.784183,0.73436,0.689925,0.646741,0.604809,0.568171,1.33811,1.26851,1.19497,1.12898,1.07054,1.00563,0.93426,0.870479,0.814287,0.764954,1.20205,1.21972,1.2375,1.25757,1.27994,1.29875,1.31401,1.3252,1.33232,1.35611,1.36106,1.34617,1.34632,0.00302475,0.0031195,0.0032105,0.003298,0.003382,0.00348025,0.00359275,0.0037015,0.0038065,0.00393625,0.006264,0.00648925,0.00668175,0.00689975,0.00714325,0.0073285,0.0074555,0.00760325,0.00777175,0.00799175,0.00424162,0.00444951,0.00486469,0.00536634,0.00595447,0.00660381,0.00731436,0.00807449,0.00888418,0.0103674,0.0124478,0.0147914,0.0169444
26.833,75.9,0.756,1.025,2,1.00077,0.971921,0.942412,0.917451,0.897038,0.880183,0.866888,0.852729,0.837707,0.827663,1.29727,1.28495,1.27453,1.26913,1.26875,1.26838,1.26803,1.27308,1.28353,1.29593,1.17194,1.18516,1.2026,1.22453,1.25094,1.27501,1.29673,1.32277,1.35312,1.39937,1.45214,1.51309,1.56589,0.00343525,0.00373975,0.00406525,0.00443525,0.00484975,0.005328,0.00587,0.00646525,0.00711375,0.00789575,0.00423075,0.00469175,0.00520125,0.00579425,0.00647075,0.00723,0.008072,0.0090635,0.0102045,0.0115537,0.00315963,0.00331213,0.00367242,0.00414688,0.00473551,0.00540588,0.00615799,0.00704359,0.0080627,0.00988712,0.012815,0.0167257,0.0204753
